{"cameraMode":{"drawMode":0,"name":"Shaded","section":"Shading Mode"},"sceneLighting":false,"audioPlay":false,"sceneViewState":{"m_AlwaysRefresh":false,"showFog":false,"showSkybox":false,"showFlares":false,"showImageEffects":false,"showParticleSystems":false,"showVisualEffectGraphs":true,"m_FxEnabled":true},"in2DMode":false,"pivot":{"x":-5.960464477539063e-8,"y":0.8815433979034424,"z":-0.03813654184341431},"rotation":{"x":-0.0024978751316666605,"y":-0.996305525302887,"z":0.08120875805616379,"w":-0.037747059017419818},"size":0.865566074848175,"orthographic":false}