{"cameraMode":{"drawMode":0,"name":"Shaded","section":"Shading Mode"},"sceneLighting":true,"audioPlay":false,"sceneViewState":{"m_AlwaysRefresh":false,"showFog":true,"showSkybox":true,"showFlares":true,"showImageEffects":true,"showParticleSystems":true,"showVisualEffectGraphs":true,"m_FxEnabled":true},"in2DMode":false,"pivot":{"x":-60.34900665283203,"y":2.0291733741760256,"z":2.305006980895996},"rotation":{"x":-0.005516631994396448,"y":0.8847237825393677,"z":-0.010671489872038365,"w":-0.4660766124725342},"size":6.516100883483887,"orthographic":false}