{"cameraMode":{"drawMode":0,"name":"Shaded","section":"Shading Mode"},"sceneLighting":true,"audioPlay":false,"sceneViewState":{"m_AlwaysRefresh":false,"showFog":true,"showSkybox":true,"showFlares":true,"showImageEffects":true,"showParticleSystems":true,"showVisualEffectGraphs":true,"m_FxEnabled":true},"in2DMode":false,"pivot":{"x":-13.279999732971192,"y":0.8299999833106995,"z":127.69000244140625},"rotation":{"x":0.2120600938796997,"y":-0.5933834314346314,"z":0.16414391994476319,"w":0.7594380378723145},"size":17.585830688476564,"orthographic":false}