{"cameraMode":{"drawMode":0,"name":"Shaded","section":"Shading Mode"},"sceneLighting":true,"audioPlay":false,"sceneViewState":{"m_AlwaysRefresh":false,"showFog":true,"showSkybox":true,"showFlares":true,"showImageEffects":true,"showParticleSystems":true,"showVisualEffectGraphs":true,"m_FxEnabled":true},"in2DMode":false,"pivot":{"x":-14.188127517700196,"y":27.262617111206056,"z":-29.54518699645996},"rotation":{"x":-0.0009523537592031062,"y":0.9992680549621582,"z":-0.030292721465229989,"w":-0.026435937732458116},"size":3.570714235305786,"orthographic":false}